<?xml version="1.0" encoding="UTF-8"?>
<project xmlns="http://maven.apache.org/POM/4.0.0" xmlns:xsi="http://www.w3.org/2001/XMLSchema-instance"
	xsi:schemaLocation="http://maven.apache.org/POM/4.0.0 http://maven.apache.org/maven-v4_0_0.xsd">
	<modelVersion>4.0.0</modelVersion>

	<groupId>org.eclipse.mylyn.github</groupId>
	<artifactId>org.eclipse.egit.github.core</artifactId>
	<version>4.9.0-SNAPSHOT</version>

	<parent>
		<groupId>org.sonatype.oss</groupId>
		<artifactId>oss-parent</artifactId>
		<version>7</version>
	</parent>

	<packaging>jar</packaging>
	<name>Eclipse EGit GitHub API Core</name>

	<licenses>
		<license>
			<name>Eclipse Public License</name>
			<url>http://www.eclipse.org/legal/epl-v10.html</url>
			<distribution>repo</distribution>
		</license>
	</licenses>

	<scm>
		<connection>scm:git:git://egit.eclipse.org/egit-github.git</connection>
	</scm>

	<properties>
		<project.build.sourceEncoding>UTF-8</project.build.sourceEncoding>
		<target-manifest-path>${project.build.directory}/META-INF/SOURCE-MANIFEST.MF</target-manifest-path>
	</properties>
	<build>
		<sourceDirectory>src/</sourceDirectory>

		<plugins>
			<plugin>
				<groupId>org.apache.maven.plugins</groupId>
				<artifactId>maven-compiler-plugin</artifactId>
				<version>2.5.1</version>
				<configuration>
					<source>1.8</source>
					<target>1.8</target>
				</configuration>
			</plugin>
			<plugin>
				<groupId>org.apache.maven.plugins</groupId>
				<artifactId>maven-antrun-plugin</artifactId>
				<executions>
					<execution>
						<phase>generate-resources</phase>
						<configuration>
							<tasks>
								<copy file="META-INF/SOURCE-MANIFEST.MF" tofile="${target-manifest-path}"
									overwrite="true" />
								<replace file="${target-manifest-path}">
									<replacefilter token=".qualifier" value=".${maven.build.timestamp}" />
								</replace>
							</tasks>
						</configuration>
						<goals>
							<goal>run</goal>
						</goals>
					</execution>
				</executions>
			</plugin>
			<plugin>
				<groupId>org.apache.maven.plugins</groupId>
				<artifactId>maven-source-plugin</artifactId>
				<inherited>true</inherited>
				<executions>
					<execution>
						<phase>process-classes</phase>
						<goals>
							<goal>jar</goal>
						</goals>
						<configuration>
							<archive>
								<manifestFile>${target-manifest-path}</manifestFile>
							</archive>
						</configuration>
					</execution>
				</executions>
			</plugin>
			<plugin>
				<groupId>org.apache.maven.plugins</groupId>
				<artifactId>maven-javadoc-plugin</artifactId>
				<executions>
					<execution>
						<goals>
							<goal>jar</goal>
						</goals>
					</execution>
				</executions>
			</plugin>
			<plugin>
				<artifactId>maven-jar-plugin</artifactId>
				<configuration>
					<archive>
						<manifestFile>${target-manifest-path}</manifestFile>
					</archive>
				</configuration>
			</plugin>
		</plugins>
	</build>

	<profiles>
		<profile>
			<id>shade</id>
			<build>
				<plugins>
					<plugin>
						<groupId>org.apache.maven.plugins</groupId>
						<artifactId>maven-shade-plugin</artifactId>
						<version>1.4</version>
						<executions>
							<execution>
								<phase>package</phase>
								<goals>
									<goal>shade</goal>
								</goals>
							</execution>
						</executions>
					</plugin>
				</plugins>
			</build>
		</profile>
		<profile>
			<id>android-shade</id>
			<build>
				<plugins>
					<plugin>
						<groupId>org.apache.maven.plugins</groupId>
						<artifactId>maven-shade-plugin</artifactId>
						<version>1.4</version>
						<executions>
							<execution>
								<phase>package</phase>
								<goals>
									<goal>shade</goal>
								</goals>
								<configuration>
									<relocations>
										<relocation>
											<!-- Apache classes are relocated since Android ships with a specific
												version of some of them and won't load bundled ones unless they have a different
												package name -->
											<pattern>org.apache</pattern>
											<shadedPattern>shade.org.apache</shadedPattern>
										</relocation>
									</relocations>
								</configuration>
							</execution>
						</executions>
					</plugin>
				</plugins>
			</build>
		</profile>
		<profile>
			<id>sign</id>
			<build>
				<plugins>
					<plugin>
						<groupId>org.apache.maven.plugins</groupId>
						<artifactId>maven-gpg-plugin</artifactId>
						<executions>
							<execution>
								<id>sign-artifacts</id>
								<phase>verify</phase>
								<goals>
									<goal>sign</goal>
								</goals>
							</execution>
						</executions>
					</plugin>
				</plugins>
			</build>
		</profile>
	</profiles>

	<dependencies>
		<dependency>
			<groupId>com.google.code.gson</groupId>
			<artifactId>gson</artifactId>
			<version>2.2.2</version>
			<scope>compile</scope>
		</dependency>
	</dependencies>
</project>
